艺术	https://book.douban.com/subject/3162991/	艺术的故事
艺术	https://book.douban.com/subject/30218241/	建筑师
艺术	https://book.douban.com/subject/30324950/	像艺术家一样思考
艺术	https://book.douban.com/subject/3410718/	美的历程
艺术	https://book.douban.com/subject/30376581/	艺术与恐惧
艺术	https://book.douban.com/subject/26854318/	现代艺术150年
艺术	https://book.douban.com/subject/25875172/	艺术创造学
艺术	https://book.douban.com/subject/30207738/	3秒
艺术	https://book.douban.com/subject/30398273/	世间万物
艺术	https://book.douban.com/subject/26435510/	雕刻时光
艺术	https://book.douban.com/subject/1941558/	设计中的设计
艺术	https://book.douban.com/subject/26417490/	写给大家的西方美术史
艺术	https://book.douban.com/subject/32492398/	穿在身上的历史
艺术	https://book.douban.com/subject/1858513/	月亮和六便士
艺术	https://book.douban.com/subject/30462410/	造境记
艺术	https://book.douban.com/subject/27608078/	图说敦煌二五四窟
艺术	https://book.douban.com/subject/27047564/	艺术博物馆
艺术	https://book.douban.com/subject/6975925/	设计诗
艺术	https://book.douban.com/subject/1040466/	谈美
艺术	https://book.douban.com/subject/33391500/	狂想人生
戏剧	https://book.douban.com/subject/1013416/	雷雨
戏剧	https://book.douban.com/subject/1006197/	哈姆莱特
戏剧	https://book.douban.com/subject/3100584/	麦克白
戏剧	https://book.douban.com/subject/1036613/	茶馆
戏剧	https://book.douban.com/subject/25773575/	哈姆雷特
戏剧	https://book.douban.com/subject/33424454/	赖声川剧作集
戏剧	https://book.douban.com/subject/1073708/	牡丹亭
戏剧	https://book.douban.com/subject/1373788/	玩偶之家
戏剧	https://book.douban.com/subject/1051714/	等待戈多
戏剧	https://book.douban.com/subject/1012117/	仲夏夜之梦
戏剧	https://book.douban.com/subject/27012140/	长夜漫漫路迢迢
戏剧	https://book.douban.com/subject/1212488/	罗密欧与朱丽叶（名著名译插图本）
戏剧	https://book.douban.com/subject/26649304/	一个无政府主义者的意外死亡
戏剧	https://book.douban.com/subject/1016631/	西厢记
戏剧	https://book.douban.com/subject/3062632/	日常生活中的自我呈现
戏剧	https://book.douban.com/subject/1009043/	日出
戏剧	https://book.douban.com/subject/1042168/	李尔王
戏剧	https://book.douban.com/subject/25760473/	等待戈多
戏剧	https://book.douban.com/subject/1076330/	奥狄浦斯王
戏剧	https://book.douban.com/subject/1034106/	威尼斯商人
建筑	https://book.douban.com/subject/30218241/	建筑师
建筑	https://book.douban.com/subject/33412681/	欢迎来到你的世界
建筑	https://book.douban.com/subject/26848051/	造房子
建筑	https://book.douban.com/subject/33396548/	柯布西耶：直角之诗
建筑	https://book.douban.com/subject/27182602/	安藤忠雄
建筑	https://book.douban.com/subject/33420597/	伟大建筑手稿
建筑	https://book.douban.com/subject/4082434/	穿墙透壁
建筑	https://book.douban.com/subject/30310970/	时光之魅
建筑	https://book.douban.com/subject/6905341/	贝聿铭全集
建筑	https://book.douban.com/subject/1326833/	美国大城市的死与生
建筑	https://book.douban.com/subject/27069101/	认识建筑：丰子恺建筑六讲
建筑	https://book.douban.com/subject/30316947/	图说西方建筑简史
建筑	https://book.douban.com/subject/30368506/	东南园墅
建筑	https://book.douban.com/subject/1863930/	看不见的城市
建筑	https://book.douban.com/subject/5408858/	建筑家安藤忠雄
建筑	https://book.douban.com/subject/33474631/	珞珈筑记
建筑	https://book.douban.com/subject/26921196/	北京的城墙与城门
建筑	https://book.douban.com/subject/3908344/	图像中国建筑史
建筑	https://book.douban.com/subject/1393903/	交往与空间
建筑	https://book.douban.com/subject/30383598/	住宅读本
音乐	https://book.douban.com/subject/33391500/	狂想人生
音乐	https://book.douban.com/subject/10590165/	聆听音乐
音乐	https://book.douban.com/subject/30203912/	如何听爵士
音乐	https://book.douban.com/subject/30485146/	我们都是有歌的人
音乐	https://book.douban.com/subject/26825412/	认识乐理
音乐	https://book.douban.com/subject/26939269/	只是孩子
音乐	https://book.douban.com/subject/27018089/	音乐即自由
音乐	https://book.douban.com/subject/3095037/	听音乐（插图第6版）
音乐	https://book.douban.com/subject/5395157/	小夜曲
音乐	https://book.douban.com/subject/1291204/	哥德尔、艾舍尔、巴赫
音乐	https://book.douban.com/subject/30157656/	爵士乐聆听指南
音乐	https://book.douban.com/subject/26584734/	乐之本事
音乐	https://book.douban.com/subject/30285035/	蜜蜂与远雷
音乐	https://book.douban.com/subject/1963786/	怎样鉴别黄色歌曲
音乐	https://book.douban.com/subject/30294348/	来自民间的叛逆
音乐	https://book.douban.com/subject/33426136/	音乐的极境
音乐	https://book.douban.com/subject/26952431/	穿T恤听古典音乐
音乐	https://book.douban.com/subject/30270830/	奇迹唱片行
音乐	https://book.douban.com/subject/30361671/	行走的耳朵
音乐	https://book.douban.com/subject/30247531/	听音乐（全彩插图第11版）
绘画	https://book.douban.com/subject/30462410/	造境记
绘画	https://book.douban.com/subject/26417490/	写给大家的西方美术史
绘画	https://book.douban.com/subject/1154707/	素描的诀窍
绘画	https://book.douban.com/subject/1951547/	像艺术家一样思考
绘画	https://book.douban.com/subject/20387173/	30天学会绘画
绘画	https://book.douban.com/subject/25811462/	小顾聊绘画·壹
绘画	https://book.douban.com/subject/1933931/	沿着塞纳河到翡冷翠
绘画	https://book.douban.com/subject/27182216/	理解人体形态
绘画	https://book.douban.com/subject/26975767/	画家之眼
绘画	https://book.douban.com/subject/27092980/	色彩与光线：写实主义绘画指南（珍藏版）
绘画	https://book.douban.com/subject/25774379/	图说中国绘画史
绘画	https://book.douban.com/subject/20411692/	隐秘的知识
绘画	https://book.douban.com/subject/34443736/	且裁风尘：颜彩手绘私享课
绘画	https://book.douban.com/subject/26763747/	永山裕子的水彩课Ⅰ: 重新开始学水彩
绘画	https://book.douban.com/subject/33455462/	永山裕子的水彩心得
绘画	https://book.douban.com/subject/1441853/	伯里曼人体结构绘画教学
绘画	https://book.douban.com/subject/5263615/	五天学会绘画
绘画	https://book.douban.com/subject/30393386/	艺用人体结构
绘画	https://book.douban.com/subject/26390189/	如何看懂印象派
绘画	https://book.douban.com/subject/5378929/	培养孩子从画画开始
