UserLink	Tags
https://www.douban.com/people/zuoqs/	B3|B6|B2
https://www.douban.com/people/Diawa/	B6|B4|B8
https://www.douban.com/people/qdmimi19810920/	B1|B3|B7
https://www.douban.com/people/2006114/	B1|B3|B4
https://www.douban.com/people/2170535/	B3|B8|B7
https://www.douban.com/people/Felven/	B4|B2|B8
https://www.douban.com/people/nwwfewx/	B4|B3|B6
https://www.douban.com/people/AMY-SHUFEN/	B4|B1|B3
https://www.douban.com/people/GayScript/	B4|B2|B6
https://www.douban.com/people/qsxiao/	B2|B3|B1
https://www.douban.com/people/3064233/	B2|B3|B4
https://www.douban.com/people/159001685/	B4|B3|B8
https://www.douban.com/people/69152850/	B7|B6|B4
https://www.douban.com/people/glenwang/	B4|B8|B3
https://www.douban.com/people/121899897/	B6|B4|B8
https://www.douban.com/people/littlebasin/	B1|B2|B4
https://www.douban.com/people/qq372420760/	B7|B3|B4
https://www.douban.com/people/154323041/	B6|B8|B4
https://www.douban.com/people/172315352/	B4|B1|B3
https://www.douban.com/people/zongxireview/	B1|B6|B5
https://www.douban.com/people/42147851/	B4|B3|B2
https://www.douban.com/people/wqfengjun/	B2|B1|B4
https://www.douban.com/people/50896903/	B4|B3|B6
https://www.douban.com/people/Leiou/	B4|B8|B3
https://www.douban.com/people/esfog/	B8|B6|B5
https://www.douban.com/people/duomeyouai/	B6|B3|B4
https://www.douban.com/people/4708228/	B6|B3|B7
https://www.douban.com/people/48577633/	B8|B3|B5
https://www.douban.com/people/aixiaoke/	B2|B1|B4
https://www.douban.com/people/bdleizi/	B3|B2|B4
https://www.douban.com/people/lsilence104/	B1|B4|B2
https://www.douban.com/people/yangxiaonier/	B2|B7|B4
https://www.douban.com/people/zhangxunnj/	B6|B4|B8
https://www.douban.com/people/zhaopinpro/	B4|B3|B6
https://www.douban.com/people/2063155/	B6|B8|B4
https://www.douban.com/people/4075628/	B8|B6|B4
https://www.douban.com/people/52255297/	B4|B2|B3
https://www.douban.com/people/blhpx/	B7|B6|B8
https://www.douban.com/people/miao126/	B8|B4|B3
https://www.douban.com/people/mysteryland/	B8|B7|B1
https://www.douban.com/people/tan-mu/	B1|B4|B3
https://www.douban.com/people/115208055/	B4|B6|B1
https://www.douban.com/people/149452809/	B6|B4|B8
https://www.douban.com/people/153981382/	B6|B8|B7
https://www.douban.com/people/168451319/	B8|B4|B6
https://www.douban.com/people/40198981/	B4|B8|B3
https://www.douban.com/people/82071440/	B1|B2|B5
https://www.douban.com/people/anran8833/	B4|B5|B2
https://www.douban.com/people/limuhua/	B1|B4|B3
https://www.douban.com/people/pansin/	B8|B6|B7
https://www.douban.com/people/shawyim/	B6|B4|B8
https://www.douban.com/people/stonerve/	B7|B4|B3
https://www.douban.com/people/yangnanjun/	B2|B4|B3
https://www.douban.com/people/1277260/	B4|B7|B3
https://www.douban.com/people/1312787/	B4|B6|B8
https://www.douban.com/people/141908971/	B8|B6|B7
https://www.douban.com/people/42971889/	B6|B3|B5
https://www.douban.com/people/52101029/	B4|B8|B5
https://www.douban.com/people/94566833/	B3|B7|B4
https://www.douban.com/people/alcudish/	B4|B2|B8
https://www.douban.com/people/dapenti/	B6|B7|B3
https://www.douban.com/people/iamsujie/	B8|B6|B4
https://www.douban.com/people/kevinou/	B4|B2|B1
https://www.douban.com/people/qiuyemantan/	B6|B1|B8
https://www.douban.com/people/shouzhu/	B1|B3|B4
https://www.douban.com/people/142263848/	B6|B8|B4
https://www.douban.com/people/156202408/	B1|B7|B2
https://www.douban.com/people/178542586/	B4|B2|B8
https://www.douban.com/people/181329825/	B4|B8|B7
https://www.douban.com/people/2119710/	B4|B3|B8
https://www.douban.com/people/64201440/	B8|B4|B6
https://www.douban.com/people/chairmannirvana/	B8|B6|B7
https://www.douban.com/people/cnfeat/	B6|B3|B8
https://www.douban.com/people/cobb_wu/	B8|B2|B6
https://www.douban.com/people/crystal5u/	B2|B6|B4
https://www.douban.com/people/elact/	B6|B4|B2
https://www.douban.com/people/fengxifengxi/	B4|B7|B2
https://www.douban.com/people/flate/	B4|B3|B1
https://www.douban.com/people/jackchen/	B4|B5|B1
https://www.douban.com/people/jimmyfang/	B6|B8|B7
https://www.douban.com/people/laobai/	B4|B3|B6
https://www.douban.com/people/odbook/	B1|B4|B3
https://www.douban.com/people/optman/	B6|B5|B4
https://www.douban.com/people/thuvacuo/	B8|B4|B3
https://www.douban.com/people/topman/	B6|B8|B2
https://www.douban.com/people/um1ng/	B4|B3|B7
https://www.douban.com/people/xpwk/	B8|B6|B4
https://www.douban.com/people/ysyang/	B4|B8|B7
https://www.douban.com/people/113667090/	B3|B6|B2
https://www.douban.com/people/136499333/	B4|B1|B8
https://www.douban.com/people/142131132/	B3|B6|B8
https://www.douban.com/people/145295431/	B3|B6|B8
https://www.douban.com/people/147524539/	B8|B3|B6
https://www.douban.com/people/159454203/	B4|B3|B1
https://www.douban.com/people/161653857/	B6|B7|B3
https://www.douban.com/people/29354820/	B4|B3|B6
https://www.douban.com/people/35162843/	B8|B6|B3
https://www.douban.com/people/49020270/	B4|B8|B6
https://www.douban.com/people/53672944/	B3|B1|B8
https://www.douban.com/people/69460067/	B6|B4|B8
https://www.douban.com/people/ThinkingCat/	B8|B6|B5
https://www.douban.com/people/chenqiao2015/	B1|B6|B4
https://www.douban.com/people/dimension7/	B4|B3|B8
https://www.douban.com/people/gxwangdi/	B8|B6|B3
https://www.douban.com/people/haizi0001000/	B7|B1|B4
https://www.douban.com/people/jiadunzhenji/	B6|B4|B5
https://www.douban.com/people/jiangxulin/	B4|B6|B3
https://www.douban.com/people/johnathan/	B4|B8|B3
https://www.douban.com/people/leeforce/	B4|B6|B2
https://www.douban.com/people/livingston/	B8|B4|B3
https://www.douban.com/people/lydy/	B2|B4|B1
https://www.douban.com/people/mado1983/	B4|B2|B1
https://www.douban.com/people/maindesign/	B7|B8|B1
https://www.douban.com/people/ouyangzhu/	B2|B4|B8
https://www.douban.com/people/sangwf/	B8|B6|B3
https://www.douban.com/people/sea829/	B8|B6|B3
https://www.douban.com/people/yezzi/	B6|B8|B4
https://www.douban.com/people/yican/	B2|B4|B1
https://www.douban.com/people/103655846/	B4|B6|B7
https://www.douban.com/people/10602127/	B2|B6|B5
https://www.douban.com/people/115637203/	B4|B1|B6
https://www.douban.com/people/167077359/	B3|B2|B1
https://www.douban.com/people/33666915/	B1|B6|B3
https://www.douban.com/people/36565635/	B4|B5|B8
https://www.douban.com/people/4538601/	B6|B8|B3
https://www.douban.com/people/50282970/	B6|B3|B4
https://www.douban.com/people/52518122/	B5|B7|B3
https://www.douban.com/people/69208374/	B3|B4|B2
https://www.douban.com/people/79185868/	B6|B8|B7
https://www.douban.com/people/boylinyu/	B1|B8|B4
https://www.douban.com/people/ddragon/	B6|B8|B7
https://www.douban.com/people/futureless/	B1|B7|B3
https://www.douban.com/people/luyutao/	B4|B2|B1
https://www.douban.com/people/nazigod/	B4|B6|B3
https://www.douban.com/people/penddy/	B6|B1|B4
https://www.douban.com/people/savawolf/	B6|B1|B4
https://www.douban.com/people/101560136/	B8|B3|B4
https://www.douban.com/people/106658069/	B7|B4|B6
https://www.douban.com/people/150000452/	B6|B4|B3
https://www.douban.com/people/155536787/	B4|B8|B6
https://www.douban.com/people/164565492/	B8|B6|B2
https://www.douban.com/people/171270948/	B6|B3|B1
https://www.douban.com/people/1999860/	B4|B6|B3
https://www.douban.com/people/2429292/	B4|B5|B8
https://www.douban.com/people/26565132/	B1|B2|B4
https://www.douban.com/people/35808230/	B6|B8|B3
https://www.douban.com/people/44652353/	B2|B7|B1
https://www.douban.com/people/54238983/	B3|B1|B5
https://www.douban.com/people/62513788/	B4|B3|B2
https://www.douban.com/people/69521905/	B3|B6|B4
https://www.douban.com/people/70359008/	B8|B4|B6
https://www.douban.com/people/72682782/	B6|B8|B7
https://www.douban.com/people/75288890/	B8|B6|B4
https://www.douban.com/people/78197287/	B4|B3|B8
https://www.douban.com/people/Shirleysays/	B6|B7|B1
https://www.douban.com/people/batongyang/	B4|B3|B5
https://www.douban.com/people/biechudelily/	B6|B3|B4
https://www.douban.com/people/feliciafay/	B6|B4|B3
https://www.douban.com/people/huoxiaohuang/	B6|B2|B4
https://www.douban.com/people/ijoy/	B8|B1|B7
https://www.douban.com/people/insidejudy/	B6|B7|B3
https://www.douban.com/people/lalaqingla/	B2|B1|B7
https://www.douban.com/people/leisurewilliam/	B4|B3|B8
https://www.douban.com/people/lianlian725/	B1|B7|B4
https://www.douban.com/people/maichao/	B1|B4|B3
https://www.douban.com/people/outman2011/	B2|B5|B8
https://www.douban.com/people/sarahwinner/	B1|B2|B4
https://www.douban.com/people/shamumu/	B1|B4|B3
https://www.douban.com/people/shenshike/	B4|B8|B1
https://www.douban.com/people/tin/	B4|B2|B7
https://www.douban.com/people/tuxiaoshu/	B4|B1|B6
https://www.douban.com/people/waitingbaby/	B1|B7|B8
https://www.douban.com/people/xiaozhu-shuo/	B6|B8|B4
https://www.douban.com/people/yangqiaoqiao/	B2|B1|B5
https://www.douban.com/people/zhangaiyin/	B4|B7|B2
https://www.douban.com/people/zhangjiawei/	B2|B1|B7
https://www.douban.com/people/zhifeige/	B6|B2|B4
https://www.douban.com/people/zhudouhaipa/	B6|B4|B8
https://www.douban.com/people/1058951/	B4|B3|B1
https://www.douban.com/people/1075731/	B2|B1|B8
https://www.douban.com/people/1155527/	B2|B7|B4
https://www.douban.com/people/120516900/	B7|B4|B2
https://www.douban.com/people/121699229/	B6|B3|B1
https://www.douban.com/people/131101112/	B6|B8|B3
https://www.douban.com/people/1345666/	B3|B4|B2
https://www.douban.com/people/139601631/	B6|B8|B4
https://www.douban.com/people/143291523/	B5|B3|B1
https://www.douban.com/people/146851465/	B6|B4|B3
https://www.douban.com/people/150164230/	B6|B4|B3
https://www.douban.com/people/161206792/	B2|B4|B1
https://www.douban.com/people/167952275/	B1|B4|B3
https://www.douban.com/people/17290592/	B8|B6|B2
https://www.douban.com/people/187286811/	B6|B8|B3
https://www.douban.com/people/2612352/	B3|B6|B1
https://www.douban.com/people/34017904/	B6|B3|B2
https://www.douban.com/people/36293645/	B6|B8|B3
https://www.douban.com/people/3756476/	B6|B8|B7
https://www.douban.com/people/43217481/	B2|B8|B6
https://www.douban.com/people/50291382/	B1|B4|B7
https://www.douban.com/people/55664026/	B6|B3|B1
https://www.douban.com/people/55835124/	B2|B1|B7
https://www.douban.com/people/58028927/	B4|B7|B3
https://www.douban.com/people/58804513/	B6|B4|B3
https://www.douban.com/people/61956974/	B6|B8|B4
https://www.douban.com/people/62496308/	B6|B4|B3
https://www.douban.com/people/64339509/	B1|B6|B8
https://www.douban.com/people/69497519/	B6|B8|B3
https://www.douban.com/people/79807165/	B6|B2|B4
https://www.douban.com/people/82101682/	B4|B6|B5
https://www.douban.com/people/83993810/	B8|B6|B4
https://www.douban.com/people/84010010/	B2|B1|B3
https://www.douban.com/people/HazzaCheng/	B6|B4|B8
https://www.douban.com/people/Lizyjs/	B4|B1|B3
https://www.douban.com/people/TheLonelyPeople/	B4|B3|B6
https://www.douban.com/people/XinwenCheng/	B8|B6|B4
https://www.douban.com/people/actor9527/	B5|B4|B8
https://www.douban.com/people/baiwuya/	B6|B8|B3
https://www.douban.com/people/bestkfx/	B6|B8|B3
https://www.douban.com/people/blackqin/	B2|B6|B3
https://www.douban.com/people/bluebay/	B4|B3|B2
https://www.douban.com/people/derekland/	B6|B8|B7
https://www.douban.com/people/flowermumu/	B1|B2|B3
https://www.douban.com/people/gnov/	B4|B6|B2
https://www.douban.com/people/immortal_3/	B2|B5|B4
https://www.douban.com/people/originhuman/	B2|B4|B8
https://www.douban.com/people/putengfei/	B1|B4|B3
https://www.douban.com/people/rotest105354/	B1|B8|B7
https://www.douban.com/people/suecat/	B4|B8|B1
https://www.douban.com/people/swing1/	B1|B2|B3
https://www.douban.com/people/tiemabinghe/	B2|B1|B5
https://www.douban.com/people/uangyc/	B4|B8|B6
https://www.douban.com/people/wenjingbaba/	B6|B7|B3
https://www.douban.com/people/xiaoang_0528/	B6|B3|B1
https://www.douban.com/people/xmsgjqr/	B4|B1|B7
https://www.douban.com/people/ygy8245/	B4|B1|B5
https://www.douban.com/people/yuhaolwy/	B6|B2|B7
https://www.douban.com/people/yunbozhao/	B8|B7|B4
https://www.douban.com/people/yuyan545/	B7|B4|B1
https://www.douban.com/people/zjmr/	B4|B1|B3
https://www.douban.com/people/101751553/	B4|B1|B8
https://www.douban.com/people/1068757/	B6|B4|B8
https://www.douban.com/people/1283623/	B6|B3|B4
https://www.douban.com/people/129356235/	B2|B8|B7
https://www.douban.com/people/134390570/	B8|B7|B6
https://www.douban.com/people/138928695/	B4|B2|B3
https://www.douban.com/people/139067217/	B8|B7|B6
https://www.douban.com/people/140034798/	B3|B6|B1
https://www.douban.com/people/140109396/	B1|B4|B7
https://www.douban.com/people/140619686/	B6|B8|B7
https://www.douban.com/people/1448991/	B4|B1|B5
https://www.douban.com/people/148441347/	B2|B4|B8
https://www.douban.com/people/1540922/	B6|B8|B4
https://www.douban.com/people/159178137/	B6|B8|B3
https://www.douban.com/people/160040983/	B4|B3|B8
https://www.douban.com/people/163006711/	B3|B4|B2
https://www.douban.com/people/166744392/	B5|B6|B4
https://www.douban.com/people/172678097/	B6|B8|B7
https://www.douban.com/people/173440622/	B3|B1|B7
https://www.douban.com/people/174844269/	B2|B1|B4
https://www.douban.com/people/2236101/	B6|B8|B4
https://www.douban.com/people/2267079/	B2|B1|B4
https://www.douban.com/people/2328636/	B4|B6|B8
https://www.douban.com/people/25746151/	B4|B3|B1
https://www.douban.com/people/29877432/	B1|B2|B6
https://www.douban.com/people/3639653/	B2|B8|B1
https://www.douban.com/people/39532726/	B1|B4|B3
https://www.douban.com/people/40269898/	B6|B4|B3
https://www.douban.com/people/51743249/	B6|B1|B7
https://www.douban.com/people/53267906/	B3|B1|B4
https://www.douban.com/people/54793495/	B4|B3|B6
https://www.douban.com/people/55497710/	B6|B8|B3
https://www.douban.com/people/58301523/	B6|B7|B4
https://www.douban.com/people/59163051/	B4|B1|B7
https://www.douban.com/people/59458047/	B4|B1|B7
https://www.douban.com/people/61708814/	B6|B8|B7
https://www.douban.com/people/61931697/	B5|B4|B7
https://www.douban.com/people/69669218/	B6|B3|B8
https://www.douban.com/people/76815849/	B8|B6|B4
https://www.douban.com/people/77819406/	B4|B3|B5
https://www.douban.com/people/82230369/	B8|B4|B3
https://www.douban.com/people/84165035/	B1|B6|B8
https://www.douban.com/people/Blackjade/	B1|B4|B7
https://www.douban.com/people/Sable/	B1|B3|B8
https://www.douban.com/people/ammonite/	B4|B8|B3
https://www.douban.com/people/baibo/	B2|B7|B6
https://www.douban.com/people/bearbig/	B1|B3|B2
https://www.douban.com/people/beautylit/	B6|B8|B7
https://www.douban.com/people/binbeing/	B8|B6|B3
https://www.douban.com/people/darkiller/	B8|B6|B4
https://www.douban.com/people/drizzlep/	B6|B8|B4
https://www.douban.com/people/dupin/	B4|B2|B8
https://www.douban.com/people/friedaliao/	B4|B6|B3
https://www.douban.com/people/jianjian8888/	B6|B4|B3
https://www.douban.com/people/kaverjody/	B6|B8|B4
https://www.douban.com/people/kkkkka/	B4|B6|B7
https://www.douban.com/people/lanbojacky/	B1|B7|B2
https://www.douban.com/people/lenber/	B2|B6|B5
https://www.douban.com/people/lin3354/	B2|B8|B6
https://www.douban.com/people/lintanxi/	B2|B8|B7
https://www.douban.com/people/liven/	B6|B8|B3
https://www.douban.com/people/luluto/	B6|B8|B3
https://www.douban.com/people/michealtwisse/	B4|B8|B7
https://www.douban.com/people/northlaker/	B4|B1|B3
https://www.douban.com/people/owlman/	B8|B2|B6
https://www.douban.com/people/pinkpigbond/	B4|B7|B6
https://www.douban.com/people/prince1900/	B2|B1|B7
https://www.douban.com/people/shunian/	B4|B2|B1
https://www.douban.com/people/simaxuan/	B1|B4|B2
https://www.douban.com/people/sl19910727/	B4|B3|B1
https://www.douban.com/people/sogdiana/	B4|B1|B5
https://www.douban.com/people/syc/	B6|B4|B2
https://www.douban.com/people/tangcong/	B6|B3|B1
https://www.douban.com/people/thespencer/	B3|B1|B5
https://www.douban.com/people/toyman_28/	B3|B4|B8
https://www.douban.com/people/weisiauto/	B6|B8|B4
https://www.douban.com/people/xiaohaoshayu/	B2|B1|B3
https://www.douban.com/people/xuxuan/	B4|B5|B2
https://www.douban.com/people/youngsend/	B4|B7|B5
https://www.douban.com/people/yuhengmylove/	B4|B3|B1
https://www.douban.com/people/zhoumaoyou/	B4|B8|B6
https://www.douban.com/people/zpmad/	B6|B3|B8
https://www.douban.com/people/1146288/	B4|B1|B3
https://www.douban.com/people/127353064/	B6|B4|B3
https://www.douban.com/people/140250764/	B3|B4|B5
https://www.douban.com/people/142188635/	B6|B8|B3
https://www.douban.com/people/143901433/	B6|B8|B7
https://www.douban.com/people/14406150/	B6|B4|B8
https://www.douban.com/people/148248366/	B5|B4|B6
https://www.douban.com/people/149265737/	B6|B8|B3
https://www.douban.com/people/149447514/	B2|B1|B5
https://www.douban.com/people/149447792/	B8|B6|B5
https://www.douban.com/people/149929459/	B1|B3|B4
https://www.douban.com/people/151261064/	B2|B1|B4
https://www.douban.com/people/151446836/	B3|B2|B8
https://www.douban.com/people/152682201/	B1|B4|B3
https://www.douban.com/people/154312913/	B2|B7|B4
https://www.douban.com/people/155130529/	B6|B3|B8
https://www.douban.com/people/15579701/	B8|B6|B3
https://www.douban.com/people/155834336/	B4|B2|B7
https://www.douban.com/people/156831903/	B1|B3|B4
https://www.douban.com/people/158497799/	B5|B4|B2
https://www.douban.com/people/1602145/	B1|B4|B3
https://www.douban.com/people/161333024/	B4|B1|B8
https://www.douban.com/people/161587088/	B6|B8|B7
https://www.douban.com/people/162791623/	B4|B1|B7
https://www.douban.com/people/167085696/	B3|B1|B7
https://www.douban.com/people/1698067/	B8|B4|B6
https://www.douban.com/people/172065294/	B6|B8|B7
https://www.douban.com/people/176317342/	B6|B8|B3
https://www.douban.com/people/177460687/	B4|B7|B1
https://www.douban.com/people/179442194/	B4|B3|B1
https://www.douban.com/people/182067051/	B5|B3|B7
https://www.douban.com/people/193356048/	B3|B5|B2
https://www.douban.com/people/2036887/	B4|B8|B7
https://www.douban.com/people/2096902/	B6|B8|B7
https://www.douban.com/people/2232430/	B4|B2|B1
https://www.douban.com/people/2338908/	B2|B8|B4
https://www.douban.com/people/2582608/	B1|B4|B3
https://www.douban.com/people/2676319/	B8|B6|B4
https://www.douban.com/people/2872811/	B6|B3|B1
https://www.douban.com/people/2901984/	B4|B1|B5
https://www.douban.com/people/3072526/	B1|B4|B7
https://www.douban.com/people/3113941/	B8|B4|B6
https://www.douban.com/people/31678134/	B4|B2|B5
https://www.douban.com/people/3172161/	B6|B3|B2
https://www.douban.com/people/3410242/	B8|B4|B7
https://www.douban.com/people/3486579/	B8|B6|B4
https://www.douban.com/people/38698277/	B6|B8|B4
https://www.douban.com/people/4325479/	B3|B1|B4
https://www.douban.com/people/43414600/	B8|B1|B7
https://www.douban.com/people/44663754/	B1|B2|B7
https://www.douban.com/people/46191599/	B6|B4|B8
https://www.douban.com/people/46253376/	B6|B2|B5
https://www.douban.com/people/48406693/	B6|B8|B3
https://www.douban.com/people/50360529/	B7|B3|B2
https://www.douban.com/people/51338624/	B6|B3|B8
https://www.douban.com/people/51641899/	B5|B4|B3
https://www.douban.com/people/52171694/	B4|B8|B7
https://www.douban.com/people/52423798/	B3|B1|B6
https://www.douban.com/people/54652758/	B5|B2|B1
https://www.douban.com/people/56375881/	B2|B7|B5
https://www.douban.com/people/56546111/	B1|B2|B7
https://www.douban.com/people/58622243/	B7|B4|B3
https://www.douban.com/people/59897199/	B2|B3|B8
https://www.douban.com/people/62140759/	B3|B4|B1
https://www.douban.com/people/63637086/	B2|B4|B1
https://www.douban.com/people/64635386/	B1|B2|B8
https://www.douban.com/people/65224784/	B6|B5|B4
https://www.douban.com/people/65680897/	B6|B7|B8
https://www.douban.com/people/69691501/	B2|B7|B4
https://www.douban.com/people/74069309/	B1|B2|B4
https://www.douban.com/people/79094732/	B7|B3|B5
https://www.douban.com/people/80697447/	B1|B3|B6
https://www.douban.com/people/84035294/	B6|B3|B7
https://www.douban.com/people/84792446/	B4|B8|B7
https://www.douban.com/people/84947475/	B6|B8|B5
https://www.douban.com/people/86720987/	B3|B1|B6
https://www.douban.com/people/AndyJiao/	B6|B4|B3
https://www.douban.com/people/Bambus/	B2|B1|B3
https://www.douban.com/people/Cash_082113/	B3|B8|B6
https://www.douban.com/people/CloudyLi/	B7|B6|B8
https://www.douban.com/people/F_aith/	B6|B4|B3
https://www.douban.com/people/HGM4651934/	B2|B7|B8
https://www.douban.com/people/NeeDream/	B4|B3|B7
https://www.douban.com/people/Sising/	B1|B4|B7
https://www.douban.com/people/TigerWoods/	B4|B1|B3
https://www.douban.com/people/Wangtanzhi/	B4|B3|B2
https://www.douban.com/people/acloud/	B6|B3|B7
https://www.douban.com/people/boks/	B4|B3|B2
https://www.douban.com/people/boular/	B1|B4|B3
https://www.douban.com/people/bygsun/	B8|B6|B7
https://www.douban.com/people/cathysheu/	B4|B2|B1
https://www.douban.com/people/cecilinashui/	B8|B7|B6
https://www.douban.com/people/chenyan423/	B6|B8|B3
https://www.douban.com/people/chenzhuo/	B4|B7|B2
https://www.douban.com/people/chils/	B5|B1|B2
https://www.douban.com/people/chineson/	B5|B3|B6
https://www.douban.com/people/chowchow01/	B6|B8|B5
https://www.douban.com/people/dingyiqi/	B8|B6|B3
https://www.douban.com/people/douban_CEO/	B8|B6|B7
https://www.douban.com/people/easteran/	B6|B3|B4
https://www.douban.com/people/eisoncen/	B8|B6|B7
https://www.douban.com/people/fudiaostudio/	B1|B6|B4
https://www.douban.com/people/geminiyou/	B6|B8|B5
https://www.douban.com/people/haji/	B1|B4|B3
https://www.douban.com/people/hzbronze/	B8|B6|B4
https://www.douban.com/people/jeffyanguang/	B6|B4|B3
https://www.douban.com/people/jojocrystal/	B1|B3|B7
https://www.douban.com/people/kinglilychou/	B4|B3|B2
https://www.douban.com/people/kiwi2011/	B3|B1|B4
https://www.douban.com/people/liuyangsl/	B2|B4|B6
https://www.douban.com/people/lonelyplanet/	B1|B3|B7
https://www.douban.com/people/lucidlucia/	B1|B4|B3
https://www.douban.com/people/luoying6/	B2|B1|B4
https://www.douban.com/people/magic828/	B2|B3|B8
https://www.douban.com/people/maomaoshell/	B8|B6|B5
https://www.douban.com/people/massiveattack9/	B6|B8|B4
https://www.douban.com/people/nanakusa/	B2|B4|B1
https://www.douban.com/people/nanuil/	B4|B5|B3
https://www.douban.com/people/nelavan/	B7|B4|B2
https://www.douban.com/people/pmate/	B4|B6|B3
https://www.douban.com/people/qingmarch/	B8|B1|B6
https://www.douban.com/people/resai1/	B6|B4|B3
https://www.douban.com/people/rockeet/	B8|B7|B6
https://www.douban.com/people/rogerbright/	B4|B7|B3
https://www.douban.com/people/roomec/	B6|B8|B7
https://www.douban.com/people/sandcabin/	B8|B4|B2
https://www.douban.com/people/sandworm/	B6|B3|B8
https://www.douban.com/people/sensitivebastar/	B4|B2|B3
https://www.douban.com/people/sjzljl/	B4|B6|B8
https://www.douban.com/people/starren/	B8|B6|B4
https://www.douban.com/people/straybirds89/	B6|B3|B8
https://www.douban.com/people/sure3/	B8|B6|B3
https://www.douban.com/people/surreal1987/	B4|B1|B3
https://www.douban.com/people/thethirdgender/	B6|B8|B7
https://www.douban.com/people/yanfeng/	B4|B2|B7
https://www.douban.com/people/yanxiaowuwxy/	B6|B4|B7
https://www.douban.com/people/yianhq/	B2|B8|B3
https://www.douban.com/people/yosonchow/	B4|B8|B7
https://www.douban.com/people/yoyo_ran/	B4|B1|B3
https://www.douban.com/people/yunji007/	B4|B6|B8
https://www.douban.com/people/zhiyu66521/	B6|B3|B8
https://www.douban.com/people/zkidult/	B1|B3|B4
https://www.douban.com/people/zs554187/	B3|B5|B4
https://www.douban.com/people/1003623/	B4|B2|B1
https://www.douban.com/people/1034143/	B2|B3|B4
https://www.douban.com/people/1069572/	B3|B7|B4
https://www.douban.com/people/1180698/	B7|B4|B1
https://www.douban.com/people/1182787/	B2|B4|B1
https://www.douban.com/people/1207019/	B2|B1|B7
https://www.douban.com/people/121675172/	B6|B8|B2
https://www.douban.com/people/124889071/	B2|B1|B3
https://www.douban.com/people/125610158/	B4|B1|B7
https://www.douban.com/people/1273166/	B7|B4|B1
https://www.douban.com/people/129637626/	B6|B2|B8
https://www.douban.com/people/131070936/	B4|B8|B3
https://www.douban.com/people/131217544/	B4|B8|B7
https://www.douban.com/people/135350277/	B4|B1|B3
https://www.douban.com/people/136250822/	B3|B2|B8
https://www.douban.com/people/1378635/	B8|B6|B3
https://www.douban.com/people/138544415/	B7|B3|B6
https://www.douban.com/people/139140450/	B2|B4|B8
https://www.douban.com/people/142038401/	B6|B8|B7
https://www.douban.com/people/144293441/	B3|B1|B8
https://www.douban.com/people/145375704/	B2|B7|B4
https://www.douban.com/people/146562544/	B6|B8|B7
https://www.douban.com/people/147365048/	B2|B3|B1
https://www.douban.com/people/147718538/	B8|B7|B3
https://www.douban.com/people/149443746/	B8|B2|B7
https://www.douban.com/people/149449979/	B2|B4|B5
https://www.douban.com/people/152576094/	B2|B8|B6
https://www.douban.com/people/152795399/	B8|B6|B2
https://www.douban.com/people/153401619/	B2|B3|B1
https://www.douban.com/people/154279361/	B2|B8|B6
https://www.douban.com/people/1549319/	B6|B3|B8
https://www.douban.com/people/155490623/	B1|B4|B8
https://www.douban.com/people/155774013/	B3|B1|B7
https://www.douban.com/people/155820171/	B6|B8|B4
https://www.douban.com/people/157191958/	B4|B3|B6
https://www.douban.com/people/157784770/	B6|B8|B3
https://www.douban.com/people/158867139/	B6|B3|B8
https://www.douban.com/people/161014481/	B6|B8|B4
https://www.douban.com/people/161518711/	B6|B3|B8
https://www.douban.com/people/165769930/	B4|B3|B1
https://www.douban.com/people/166922501/	B6|B8|B7
https://www.douban.com/people/167100645/	B2|B3|B8
https://www.douban.com/people/1675873/	B4|B3|B2
https://www.douban.com/people/169280074/	B7|B5|B4
https://www.douban.com/people/1708899/	B5|B4|B3
https://www.douban.com/people/177921804/	B8|B6|B4
https://www.douban.com/people/179219577/	B4|B8|B3
https://www.douban.com/people/179615507/	B7|B5|B6
https://www.douban.com/people/182795519/	B2|B1|B8
https://www.douban.com/people/183909131/	B2|B3|B8
https://www.douban.com/people/190686040/	B6|B8|B4
https://www.douban.com/people/2004519/	B4|B5|B3
https://www.douban.com/people/2221185/	B2|B5|B8
https://www.douban.com/people/2530592/	B4|B7|B6
https://www.douban.com/people/2536300/	B2|B1|B7
https://www.douban.com/people/2608758/	B4|B8|B7
https://www.douban.com/people/26265253/	B4|B2|B8
https://www.douban.com/people/2682509/	B8|B6|B4
https://www.douban.com/people/2776455/	B6|B8|B7
https://www.douban.com/people/3109277/	B4|B1|B2
https://www.douban.com/people/3294190/	B4|B8|B7
https://www.douban.com/people/3295794/	B4|B2|B8
https://www.douban.com/people/33631239/	B1|B2|B8
https://www.douban.com/people/3487003/	B4|B2|B8
https://www.douban.com/people/35817763/	B6|B2|B8
https://www.douban.com/people/3608929/	B6|B8|B1
https://www.douban.com/people/3620012/	B1|B8|B4
https://www.douban.com/people/36771726/	B4|B8|B7
https://www.douban.com/people/3713265/	B6|B8|B7
https://www.douban.com/people/42325900/	B5|B3|B7
https://www.douban.com/people/44348634/	B6|B2|B8
https://www.douban.com/people/4589726/	B6|B4|B8
https://www.douban.com/people/47101605/	B6|B5|B8
https://www.douban.com/people/48335885/	B3|B8|B4
https://www.douban.com/people/4835390/	B7|B4|B3
https://www.douban.com/people/49186147/	B8|B2|B6
https://www.douban.com/people/49383199/	B6|B3|B4
https://www.douban.com/people/49761837/	B4|B5|B3
https://www.douban.com/people/50021732/	B1|B3|B4
https://www.douban.com/people/53448369/	B4|B3|B1
https://www.douban.com/people/55279265/	B6|B2|B8
https://www.douban.com/people/55369952/	B2|B1|B8
https://www.douban.com/people/55631460/	B1|B4|B3
https://www.douban.com/people/57751415/	B4|B6|B2
https://www.douban.com/people/57759017/	B8|B6|B4
https://www.douban.com/people/58758413/	B6|B4|B8
https://www.douban.com/people/59077971/	B6|B4|B2
https://www.douban.com/people/59149009/	B3|B2|B6
https://www.douban.com/people/59745565/	B3|B6|B4
https://www.douban.com/people/60076779/	B6|B8|B7
https://www.douban.com/people/60207825/	B6|B5|B7
https://www.douban.com/people/60601961/	B5|B4|B3
https://www.douban.com/people/60752496/	B6|B8|B4
https://www.douban.com/people/61151076/	B8|B6|B2
https://www.douban.com/people/61392425/	B6|B3|B8
https://www.douban.com/people/61739066/	B6|B8|B3
https://www.douban.com/people/61885635/	B2|B1|B6
https://www.douban.com/people/61890384/	B1|B8|B4
https://www.douban.com/people/63383806/	B6|B1|B8
https://www.douban.com/people/63439633/	B2|B1|B8
https://www.douban.com/people/63896408/	B8|B2|B5
https://www.douban.com/people/6627923/	B6|B4|B3
https://www.douban.com/people/66592188/	B2|B8|B7
https://www.douban.com/people/67234980/	B6|B4|B3
https://www.douban.com/people/68266502/	B6|B8|B3
https://www.douban.com/people/70474111/	B6|B3|B8
https://www.douban.com/people/72100235/	B6|B8|B7
https://www.douban.com/people/72213750/	B6|B2|B1
https://www.douban.com/people/75219920/	B5|B3|B8
https://www.douban.com/people/98685556/	B4|B1|B5
https://www.douban.com/people/Andgler/	B8|B7|B6
https://www.douban.com/people/AshesOfTime/	B5|B8|B6
https://www.douban.com/people/Eversint/	B7|B6|B3
https://www.douban.com/people/HH1130/	B1|B7|B5
https://www.douban.com/people/Jiabeihe/	B6|B5|B4
https://www.douban.com/people/Luna-cat/	B2|B6|B7
https://www.douban.com/people/Mabledu/	B1|B4|B5
https://www.douban.com/people/Momo_4781/	B1|B4|B2
https://www.douban.com/people/NancyCheng/	B5|B7|B4
https://www.douban.com/people/PSK/	B6|B3|B8
https://www.douban.com/people/Sedgewick/	B6|B8|B5
https://www.douban.com/people/Tobylon/	B6|B2|B1
https://www.douban.com/people/Vicky_Jiang/	B1|B5|B3
https://www.douban.com/people/WG126/	B4|B1|B2
https://www.douban.com/people/angela711/	B7|B1|B4
https://www.douban.com/people/appleleaf001/	B6|B3|B8
https://www.douban.com/people/bigeyedog/	B4|B1|B5
https://www.douban.com/people/bigteeth/	B2|B4|B3
https://www.douban.com/people/bookbug/	B2|B1|B5
https://www.douban.com/people/cancer_oy/	B4|B8|B6
https://www.douban.com/people/candydp/	B6|B8|B3
https://www.douban.com/people/caos/	B4|B6|B3
https://www.douban.com/people/celiaking/	B4|B5|B2
https://www.douban.com/people/chandler-bing/	B7|B4|B8
https://www.douban.com/people/chen1725/	B4|B6|B8
https://www.douban.com/people/chengweiyezhu/	B1|B4|B8
https://www.douban.com/people/chuhanzhang/	B3|B8|B1
https://www.douban.com/people/daidaitiger/	B8|B6|B4
https://www.douban.com/people/dearhjl/	B7|B3|B8
https://www.douban.com/people/dreamlin/	B2|B8|B1
https://www.douban.com/people/easykangroo/	B6|B5|B4
https://www.douban.com/people/ellann/	B6|B8|B3
https://www.douban.com/people/fafas/	B4|B1|B5
https://www.douban.com/people/fenlyjin/	B6|B8|B4
https://www.douban.com/people/fhzxj/	B4|B7|B2
https://www.douban.com/people/flywings/	B4|B1|B2
https://www.douban.com/people/forcode/	B6|B3|B8
https://www.douban.com/people/forrest_zhang/	B4|B6|B5
https://www.douban.com/people/gaofu/	B4|B3|B6
https://www.douban.com/people/gcd0318/	B8|B7|B3
https://www.douban.com/people/hamturi/	B6|B2|B4
https://www.douban.com/people/heartnow/	B7|B6|B8
https://www.douban.com/people/heatlife/	B4|B3|B1
https://www.douban.com/people/hecaitou/	B1|B5|B4
https://www.douban.com/people/heyitao/	B6|B8|B4
https://www.douban.com/people/huagnqun/	B4|B3|B1
https://www.douban.com/people/hydehuyi/	B8|B6|B2
https://www.douban.com/people/iheyou/	B4|B3|B1
https://www.douban.com/people/ilray88/	B2|B1|B6
https://www.douban.com/people/imorange/	B6|B4|B8
https://www.douban.com/people/iorizci/	B4|B6|B8
https://www.douban.com/people/jiafeimao/	B1|B4|B7
https://www.douban.com/people/jiaon/	B1|B6|B4
https://www.douban.com/people/justxuanyi/	B4|B1|B7
https://www.douban.com/people/jyduan/	B4|B8|B7
https://www.douban.com/people/kalashnikovyang/	B8|B3|B4
https://www.douban.com/people/kevingchan/	B7|B4|B1
https://www.douban.com/people/laowantong/	B1|B2|B5
https://www.douban.com/people/larrymoon/	B4|B8|B7
https://www.douban.com/people/lcg330/	B5|B2|B7
https://www.douban.com/people/legendLee/	B6|B8|B7
https://www.douban.com/people/leihit/	B8|B3|B6
https://www.douban.com/people/liuying4005/	B6|B5|B4
https://www.douban.com/people/londonfog/	B4|B6|B3
https://www.douban.com/people/lonefay/	B4|B3|B8
https://www.douban.com/people/luke/	B4|B1|B2
https://www.douban.com/people/luozixi3/	B4|B6|B5
https://www.douban.com/people/mengmengpeng/	B6|B4|B8
https://www.douban.com/people/mikesome/	B4|B8|B6
https://www.douban.com/people/misscatcatcat/	B2|B8|B3
https://www.douban.com/people/moyanruxue/	B4|B2|B1
https://www.douban.com/people/mpwin/	B8|B6|B3
https://www.douban.com/people/muzizi347/	B1|B5|B4
https://www.douban.com/people/nathanxu/	B4|B3|B2
https://www.douban.com/people/nyavivian/	B8|B7|B6
https://www.douban.com/people/oldtime/	B2|B7|B1
https://www.douban.com/people/onlineforever/	B4|B6|B8
https://www.douban.com/people/panpansusan/	B6|B1|B8
https://www.douban.com/people/philosophia1979/	B4|B1|B8
https://www.douban.com/people/poorcharles/	B4|B7|B5
https://www.douban.com/people/qop/	B8|B7|B4
https://www.douban.com/people/querida/	B2|B1|B8
https://www.douban.com/people/rasamond/	B6|B1|B7
https://www.douban.com/people/readabroad/	B8|B6|B3
https://www.douban.com/people/redscorpion/	B4|B6|B3
https://www.douban.com/people/rickiehui/	B6|B2|B8
https://www.douban.com/people/roulong/	B3|B4|B6
https://www.douban.com/people/runcastor/	B6|B3|B2
https://www.douban.com/people/sabretooth/	B3|B4|B1
https://www.douban.com/people/snower41/	B4|B7|B5
https://www.douban.com/people/starlv/	B2|B3|B8
https://www.douban.com/people/supman/	B4|B5|B8
https://www.douban.com/people/suzie0319/	B1|B2|B5
https://www.douban.com/people/sylvialove7/	B3|B4|B8
https://www.douban.com/people/tanbupofengqing/	B4|B8|B6
https://www.douban.com/people/tcstar/	B8|B6|B4
https://www.douban.com/people/tearwall/	B3|B1|B4
https://www.douban.com/people/thinkingmind/	B4|B1|B3
https://www.douban.com/people/vandean/	B2|B5|B1
https://www.douban.com/people/vedacode/	B4|B1|B5
https://www.douban.com/people/voga/	B3|B7|B2
https://www.douban.com/people/wangyuanmeng/	B4|B2|B8
https://www.douban.com/people/water0melon/	B2|B8|B7
https://www.douban.com/people/weiling616/	B4|B2|B3
https://www.douban.com/people/wenzi1019/	B2|B4|B7
https://www.douban.com/people/windtunle/	B4|B7|B8
https://www.douban.com/people/wlhui/	B2|B1|B4
https://www.douban.com/people/writerlin/	B8|B6|B7
https://www.douban.com/people/wuruiren/	B1|B3|B4
https://www.douban.com/people/wuzhihong/	B4|B1|B2
https://www.douban.com/people/wy2004/	B3|B2|B1
https://www.douban.com/people/yisuilife/	B1|B2|B4
https://www.douban.com/people/zaglea/	B6|B3|B8
https://www.douban.com/people/zhaosong9999/	B1|B5|B4
https://www.douban.com/people/zhejiangrushang/	B1|B7|B5
https://www.douban.com/people/zhihuikong/	B6|B7|B3
https://www.douban.com/people/zhoubin5371/	B6|B4|B3
https://www.douban.com/people/zhuxiaoqing/	B1|B4|B3
https://www.douban.com/people/1021426/	B6|B8|B4
https://www.douban.com/people/1031913/	B1|B8|B4
https://www.douban.com/people/103564682/	B7|B1|B8
https://www.douban.com/people/103915810/	B6|B8|B5
https://www.douban.com/people/104458313/	B6|B8|B7
https://www.douban.com/people/104518458/	B6|B3|B8
https://www.douban.com/people/104742493/	B3|B4|B6
https://www.douban.com/people/1051433/	B1|B4|B8
https://www.douban.com/people/1055107/	B1|B7|B2
https://www.douban.com/people/110105540/	B1|B8|B7
https://www.douban.com/people/1125487/	B4|B6|B8
https://www.douban.com/people/1128522/	B2|B4|B5
https://www.douban.com/people/115975882/	B4|B3|B8
https://www.douban.com/people/119921731/	B6|B1|B5
https://www.douban.com/people/1201616/	B4|B3|B8
https://www.douban.com/people/120635979/	B7|B5|B4
https://www.douban.com/people/121777441/	B6|B8|B7
https://www.douban.com/people/121997108/	B4|B2|B7
https://www.douban.com/people/122841706/	B3|B2|B6
https://www.douban.com/people/122858309/	B2|B5|B1
https://www.douban.com/people/1249193/	B3|B1|B4
https://www.douban.com/people/12511983/	B7|B6|B4
https://www.douban.com/people/125189160/	B6|B8|B7
https://www.douban.com/people/1269806/	B6|B3|B1
https://www.douban.com/people/1270613/	B6|B8|B7
https://www.douban.com/people/1275745/	B8|B3|B6
https://www.douban.com/people/127787408/	B8|B6|B4
https://www.douban.com/people/127876966/	B4|B3|B8
https://www.douban.com/people/130395531/	B6|B8|B7
https://www.douban.com/people/1306273/	B1|B7|B4
https://www.douban.com/people/134425001/	B6|B8|B7
https://www.douban.com/people/135883348/	B6|B8|B3
https://www.douban.com/people/1360974/	B8|B3|B2
https://www.douban.com/people/136614280/	B7|B1|B8
https://www.douban.com/people/136841450/	B2|B5|B1
https://www.douban.com/people/1370653/	B4|B7|B8
https://www.douban.com/people/137185474/	B6|B3|B8
https://www.douban.com/people/137527400/	B1|B7|B4
https://www.douban.com/people/137792318/	B4|B3|B8
https://www.douban.com/people/138102693/	B7|B3|B2
https://www.douban.com/people/1383312/	B6|B4|B2
https://www.douban.com/people/139689903/	B6|B8|B4
https://www.douban.com/people/139702794/	B1|B8|B6
https://www.douban.com/people/139830997/	B6|B3|B8
https://www.douban.com/people/140702731/	B8|B7|B6
https://www.douban.com/people/141124665/	B4|B8|B5
https://www.douban.com/people/141227972/	B1|B8|B7
https://www.douban.com/people/141831303/	B1|B8|B7
https://www.douban.com/people/141942801/	B6|B3|B8
https://www.douban.com/people/142003320/	B6|B3|B8
https://www.douban.com/people/144587315/	B6|B3|B4
https://www.douban.com/people/145409265/	B6|B1|B8
https://www.douban.com/people/145878408/	B8|B6|B7
https://www.douban.com/people/146481895/	B3|B8|B4
https://www.douban.com/people/1466649/	B4|B3|B1
https://www.douban.com/people/146771371/	B7|B4|B3
https://www.douban.com/people/146796497/	B2|B8|B7
https://www.douban.com/people/147681591/	B6|B8|B7
https://www.douban.com/people/1478530/	B6|B8|B7
https://www.douban.com/people/1481447/	B5|B1|B8
https://www.douban.com/people/1484748/	B1|B4|B3
https://www.douban.com/people/149001309/	B4|B8|B6
https://www.douban.com/people/149987805/	B6|B8|B7
https://www.douban.com/people/150400406/	B1|B4|B3
https://www.douban.com/people/150661588/	B6|B2|B1
https://www.douban.com/people/151490240/	B2|B4|B1
https://www.douban.com/people/1528521/	B4|B8|B5
https://www.douban.com/people/153753968/	B2|B8|B7
https://www.douban.com/people/153770921/	B2|B6|B8
https://www.douban.com/people/153962579/	B6|B8|B7
https://www.douban.com/people/154630768/	B7|B2|B8
https://www.douban.com/people/155235939/	B6|B8|B3
https://www.douban.com/people/1553058/	B1|B4|B8
https://www.douban.com/people/155602014/	B5|B1|B2
https://www.douban.com/people/156273170/	B8|B6|B7
https://www.douban.com/people/156431867/	B1|B8|B4
https://www.douban.com/people/1567067/	B1|B4|B2
https://www.douban.com/people/156836515/	B1|B2|B8
https://www.douban.com/people/157533134/	B4|B3|B5
https://www.douban.com/people/1575825/	B6|B3|B4
https://www.douban.com/people/1576508/	B4|B1|B3
https://www.douban.com/people/158079201/	B6|B5|B3
https://www.douban.com/people/158653952/	B3|B8|B5
https://www.douban.com/people/159171015/	B6|B8|B4
https://www.douban.com/people/1593610/	B3|B1|B5
https://www.douban.com/people/159689330/	B3|B2|B7
https://www.douban.com/people/159751340/	B3|B8|B6
https://www.douban.com/people/160033765/	B3|B2|B7
https://www.douban.com/people/160626812/	B2|B7|B3
https://www.douban.com/people/160807840/	B2|B1|B8
https://www.douban.com/people/161002020/	B2|B6|B8
https://www.douban.com/people/161344182/	B4|B2|B8
https://www.douban.com/people/161562277/	B6|B4|B8
https://www.douban.com/people/161784237/	B2|B4|B8
https://www.douban.com/people/162245955/	B2|B8|B6
https://www.douban.com/people/162338500/	B2|B1|B8
https://www.douban.com/people/163038575/	B6|B8|B3
https://www.douban.com/people/163848343/	B1|B7|B6
https://www.douban.com/people/166223143/	B6|B8|B7
https://www.douban.com/people/167352247/	B6|B8|B4
https://www.douban.com/people/170330328/	B3|B8|B7
https://www.douban.com/people/170332558/	B8|B6|B4
https://www.douban.com/people/172353804/	B8|B2|B7
https://www.douban.com/people/1739577/	B7|B3|B8
https://www.douban.com/people/174607648/	B1|B6|B4
https://www.douban.com/people/174811605/	B8|B6|B3
https://www.douban.com/people/175778657/	B2|B5|B8
https://www.douban.com/people/177420879/	B8|B6|B7
https://www.douban.com/people/179461621/	B3|B2|B5
https://www.douban.com/people/182528054/	B6|B8|B3
https://www.douban.com/people/183328573/	B6|B4|B8
https://www.douban.com/people/186127198/	B4|B1|B3
https://www.douban.com/people/186221561/	B5|B6|B4
https://www.douban.com/people/186509661/	B8|B6|B3
https://www.douban.com/people/188300485/	B6|B8|B7
https://www.douban.com/people/190277246/	B6|B8|B7
https://www.douban.com/people/191697040/	B6|B5|B4
https://www.douban.com/people/196170268/	B6|B2|B8
https://www.douban.com/people/19861416/	B7|B6|B1
https://www.douban.com/people/2186891/	B4|B7|B8
https://www.douban.com/people/2217180/	B4|B1|B7
https://www.douban.com/people/27238672/	B8|B6|B4
https://www.douban.com/people/2760432/	B6|B4|B3
https://www.douban.com/people/28068721/	B3|B2|B5
https://www.douban.com/people/2858829/	B1|B2|B8
https://www.douban.com/people/3026459/	B4|B2|B8
https://www.douban.com/people/3193971/	B1|B7|B4
https://www.douban.com/people/3365276/	B6|B4|B8
https://www.douban.com/people/3388153/	B2|B8|B7
https://www.douban.com/people/34002649/	B4|B8|B6
https://www.douban.com/people/3415843/	B1|B4|B8
https://www.douban.com/people/3439529/	B4|B7|B2
https://www.douban.com/people/34432723/	B3|B8|B6
https://www.douban.com/people/34578973/	B6|B3|B8
https://www.douban.com/people/3493699/	B6|B4|B3
https://www.douban.com/people/3517637/	B5|B1|B4
https://www.douban.com/people/3606444/	B6|B1|B8
https://www.douban.com/people/36231236/	B2|B3|B1
https://www.douban.com/people/36687273/	B4|B7|B2
https://www.douban.com/people/3711266/	B6|B4|B2
https://www.douban.com/people/3773023/	B4|B2|B8
https://www.douban.com/people/38472515/	B6|B2|B8
https://www.douban.com/people/38571719/	B8|B6|B4
https://www.douban.com/people/38591131/	B6|B3|B4
https://www.douban.com/people/3899682/	B3|B1|B8
https://www.douban.com/people/4158954/	B3|B4|B8
https://www.douban.com/people/42240642/	B4|B3|B8
https://www.douban.com/people/4268319/	B8|B6|B3
https://www.douban.com/people/43316131/	B4|B2|B5
https://www.douban.com/people/4362759/	B2|B6|B4
https://www.douban.com/people/43780323/	B6|B4|B3
https://www.douban.com/people/4431281/	B6|B4|B3
https://www.douban.com/people/44990968/	B6|B8|B5
https://www.douban.com/people/45209521/	B6|B8|B7
https://www.douban.com/people/45854737/	B2|B3|B8
https://www.douban.com/people/4604450/	B4|B1|B3
https://www.douban.com/people/46213665/	B4|B6|B8
https://www.douban.com/people/4675373/	B8|B6|B4
https://www.douban.com/people/46812272/	B2|B4|B1
https://www.douban.com/people/47044131/	B4|B1|B8
https://www.douban.com/people/4709512/	B4|B8|B2
https://www.douban.com/people/47187983/	B4|B3|B6
https://www.douban.com/people/47258020/	B1|B8|B4
https://www.douban.com/people/47747578/	B6|B8|B7
https://www.douban.com/people/47899410/	B8|B2|B6
https://www.douban.com/people/47916859/	B8|B4|B6
https://www.douban.com/people/48186091/	B8|B6|B7
https://www.douban.com/people/48193283/	B8|B6|B7
https://www.douban.com/people/48701310/	B4|B3|B8
https://www.douban.com/people/48747141/	B6|B8|B4
https://www.douban.com/people/49198491/	B6|B8|B7
https://www.douban.com/people/50274844/	B6|B3|B8
https://www.douban.com/people/50510175/	B6|B3|B8
https://www.douban.com/people/5129542/	B8|B6|B7
https://www.douban.com/people/51698700/	B7|B5|B4
https://www.douban.com/people/51849783/	B6|B5|B8
https://www.douban.com/people/51976025/	B8|B7|B3
https://www.douban.com/people/53045249/	B1|B4|B8
https://www.douban.com/people/53120435/	B2|B4|B3
https://www.douban.com/people/53343036/	B4|B8|B7
https://www.douban.com/people/53410261/	B8|B4|B1
https://www.douban.com/people/54105382/	B8|B6|B3
https://www.douban.com/people/54717511/	B2|B3|B1
https://www.douban.com/people/55420684/	B6|B4|B5
https://www.douban.com/people/57228110/	B6|B4|B8
https://www.douban.com/people/57698802/	B5|B6|B3
https://www.douban.com/people/58075904/	B4|B7|B3
https://www.douban.com/people/58366908/	B6|B8|B7
https://www.douban.com/people/58563070/	B6|B1|B3
https://www.douban.com/people/58955700/	B5|B4|B3
https://www.douban.com/people/59333909/	B6|B7|B5
https://www.douban.com/people/59881801/	B4|B8|B5
https://www.douban.com/people/61300451/	B8|B6|B3
https://www.douban.com/people/62288291/	B2|B7|B8
https://www.douban.com/people/62719021/	B6|B8|B7
https://www.douban.com/people/63242798/	B2|B8|B6
https://www.douban.com/people/63379696/	B2|B3|B1
https://www.douban.com/people/63395166/	B2|B3|B8
https://www.douban.com/people/63732603/	B7|B1|B2
https://www.douban.com/people/63760364/	B1|B3|B8
https://www.douban.com/people/63826151/	B8|B7|B6
https://www.douban.com/people/63833120/	B4|B6|B5
https://www.douban.com/people/64062979/	B8|B7|B6
https://www.douban.com/people/6409069/	B6|B8|B7
https://www.douban.com/people/64575661/	B8|B6|B5
https://www.douban.com/people/65293580/	B6|B2|B8
https://www.douban.com/people/65725486/	B8|B1|B6
https://www.douban.com/people/65851485/	B4|B1|B7
https://www.douban.com/people/65970538/	B4|B6|B2
https://www.douban.com/people/66567266/	B4|B3|B8
https://www.douban.com/people/66650717/	B6|B4|B2
https://www.douban.com/people/66688052/	B2|B7|B8
https://www.douban.com/people/66784413/	B6|B8|B7
https://www.douban.com/people/67081139/	B1|B8|B7
https://www.douban.com/people/68030306/	B6|B7|B2
https://www.douban.com/people/68916376/	B6|B4|B8
https://www.douban.com/people/69567631/	B3|B5|B4
https://www.douban.com/people/69747381/	B3|B6|B1
https://www.douban.com/people/73444245/	B6|B3|B2
https://www.douban.com/people/73901414/	B3|B4|B2
https://www.douban.com/people/73948047/	B4|B8|B6
https://www.douban.com/people/73952321/	B4|B8|B7
https://www.douban.com/people/74262574/	B8|B6|B7
https://www.douban.com/people/74656152/	B8|B6|B7
https://www.douban.com/people/77541443/	B6|B8|B7
https://www.douban.com/people/77870644/	B4|B6|B8
https://www.douban.com/people/78618494/	B1|B7|B3
https://www.douban.com/people/78792866/	B6|B8|B7
https://www.douban.com/people/79227991/	B4|B3|B8
https://www.douban.com/people/79814230/	B8|B6|B7
https://www.douban.com/people/80223507/	B8|B3|B6
https://www.douban.com/people/80473557/	B7|B3|B8
https://www.douban.com/people/80484960/	B6|B4|B8
https://www.douban.com/people/82177255/	B4|B7|B6
https://www.douban.com/people/84744874/	B6|B3|B8
https://www.douban.com/people/87320247/	B1|B3|B4
https://www.douban.com/people/92596506/	B6|B7|B8
https://www.douban.com/people/92617763/	B1|B6|B4
https://www.douban.com/people/92764486/	B4|B3|B7
https://www.douban.com/people/97001041/	B8|B1|B3
https://www.douban.com/people/Akiii7/	B8|B6|B4
https://www.douban.com/people/Bobokunkun/	B4|B3|B7
https://www.douban.com/people/Brinado.Zh/	B7|B4|B3
https://www.douban.com/people/CloudRiver/	B4|B8|B6
https://www.douban.com/people/Dimnsky-/	B6|B4|B2
https://www.douban.com/people/FantasyDuan/	B1|B8|B6
https://www.douban.com/people/FrontAndBack/	B6|B8|B5
https://www.douban.com/people/HERE/	B4|B8|B2
https://www.douban.com/people/IPLinger/	B4|B8|B1
https://www.douban.com/people/JACKKING_DEFIER/	B3|B4|B8
https://www.douban.com/people/JH_Gao/	B8|B6|B7
https://www.douban.com/people/JoyChen38/	B7|B3|B2
https://www.douban.com/people/KaekaY/	B6|B8|B7
https://www.douban.com/people/Leaven/	B4|B7|B2
https://www.douban.com/people/LiveHereAndNow/	B7|B3|B4
https://www.douban.com/people/MK/	B6|B8|B4
https://www.douban.com/people/MSY/	B4|B1|B8
https://www.douban.com/people/Morris./	B4|B1|B3
https://www.douban.com/people/MrVeritas/	B8|B6|B4
https://www.douban.com/people/OpticalComputer/	B1|B6|B5
https://www.douban.com/people/Pariscatzi/	B2|B1|B8
https://www.douban.com/people/Pru/	B7|B4|B6
https://www.douban.com/people/RiverPheonix/	B8|B4|B7
https://www.douban.com/people/Sam.Wang/	B6|B8|B7
https://www.douban.com/people/Stewart/	B6|B8|B5
https://www.douban.com/people/Strongart/	B2|B7|B4
https://www.douban.com/people/WKZ/	B1|B4|B2
https://www.douban.com/people/acmerfight/	B6|B4|B8
https://www.douban.com/people/acmm/	B6|B3|B2
https://www.douban.com/people/acstar/	B2|B4|B6
https://www.douban.com/people/adayaway/	B3|B8|B6
https://www.douban.com/people/allenwon/	B3|B6|B4
https://www.douban.com/people/alwd/	B1|B4|B2
https://www.douban.com/people/annabel828/	B3|B4|B7
https://www.douban.com/people/apriliah/	B1|B4|B2
https://www.douban.com/people/atschool/	B6|B8|B3
https://www.douban.com/people/badcow/	B8|B4|B2
https://www.douban.com/people/baiyanhuang/	B6|B3|B8
https://www.douban.com/people/beichenshi/	B8|B6|B4
https://www.douban.com/people/binqiang/	B6|B4|B8
https://www.douban.com/people/bittedwind/	B4|B3|B2
https://www.douban.com/people/blacksuperman/	B4|B3|B8
https://www.douban.com/people/blackteacat/	B4|B8|B7
https://www.douban.com/people/bolf/	B8|B6|B3
https://www.douban.com/people/bonymiao/	B8|B2|B6
https://www.douban.com/people/buildmzxz1991/	B6|B8|B4
https://www.douban.com/people/chaosinchaos/	B8|B2|B6
https://www.douban.com/people/chloe_ma/	B6|B8|B3
https://www.douban.com/people/cjaronaldo/	B1|B2|B4
https://www.douban.com/people/cnpirate/	B8|B6|B4
https://www.douban.com/people/cnwhy/	B4|B6|B1
https://www.douban.com/people/critina/	B6|B4|B3
https://www.douban.com/people/csufuyi/	B6|B4|B8
https://www.douban.com/people/cswuyg/	B8|B6|B7
https://www.douban.com/people/daihui/	B2|B3|B8
https://www.douban.com/people/danielleo/	B6|B8|B7
https://www.douban.com/people/demon1130/	B3|B2|B4
https://www.douban.com/people/dingruoding/	B4|B3|B8
https://www.douban.com/people/drewjet/	B4|B1|B3
https://www.douban.com/people/eageleye/	B6|B4|B3
https://www.douban.com/people/eaglex/	B6|B4|B3
https://www.douban.com/people/edmsunshine/	B4|B7|B1
https://www.douban.com/people/ethelma/	B4|B3|B8
https://www.douban.com/people/faery/	B4|B1|B8
https://www.douban.com/people/fangqiu/	B6|B8|B4
https://www.douban.com/people/flowernora/	B8|B7|B6
https://www.douban.com/people/fm365bbs/	B1|B8|B7
https://www.douban.com/people/fonteyn/	B1|B7|B4
