诗词	https://book.douban.com/subject/1203426/	人间词话
诗词	https://book.douban.com/subject/33441524/	半小时漫画唐诗
诗词	https://book.douban.com/subject/1058661/	飞鸟集
诗词	https://book.douban.com/subject/19981641/	吴小如讲杜诗
诗词	https://book.douban.com/subject/30426465/	当仓央嘉措遇见纳兰容若
诗词	https://book.douban.com/subject/1856285/	人生若只如初见
诗词	https://book.douban.com/subject/11601199/	人间词话
诗词	https://book.douban.com/subject/2005705/	唐宋词十七讲
诗词	https://book.douban.com/subject/3993392/	苏轼词集
诗词	https://book.douban.com/subject/27204933/	古诗词课
诗词	https://book.douban.com/subject/3994721/	纳兰容若词传
诗词	https://book.douban.com/subject/33421510/	天地有节
诗词	https://book.douban.com/subject/1011754/	海子的诗
诗词	https://book.douban.com/subject/27065497/	六神磊磊读唐诗
诗词	https://book.douban.com/subject/5311593/	顾随诗词讲记
诗词	https://book.douban.com/subject/1013267/	唐诗三百首
诗词	https://book.douban.com/subject/1910477/	千秋一寸心
诗词	https://book.douban.com/subject/1528482/	声律启蒙
诗词	https://book.douban.com/subject/30252866/	花间集
诗词	https://book.douban.com/subject/30482488/	藏在节日里的古诗词
散文	https://book.douban.com/subject/1023045/	我们仨
散文	https://book.douban.com/subject/1361264/	撒哈拉的故事
散文	https://book.douban.com/subject/3995526/	目送
散文	https://book.douban.com/subject/1449352/	朝花夕拾
散文	https://book.douban.com/subject/1209899/	我与地坛
散文	https://book.douban.com/subject/26278687/	皮囊
散文	https://book.douban.com/subject/2070844/	梦里花落知多少
散文	https://book.douban.com/subject/1865089/	瓦尔登湖
散文	https://book.douban.com/subject/4207781/	孩子你慢慢来
散文	https://book.douban.com/subject/3369600/	当我谈跑步时我谈些什么
散文	https://book.douban.com/subject/1254588/	城南旧事
散文	https://book.douban.com/subject/3071717/	爱你就像爱生命
散文	https://book.douban.com/subject/3369793/	亲爱的安德烈
散文	https://book.douban.com/subject/1088581/	浮生六记
散文	https://book.douban.com/subject/1253310/	人间草木
散文	https://book.douban.com/subject/1054685/	沉默的大多数
散文	https://book.douban.com/subject/30280610/	天长地久
散文	https://book.douban.com/subject/2136140/	雨季不再来
散文	https://book.douban.com/subject/19940743/	文化苦旅
散文	https://book.douban.com/subject/1036490/	万水千山走遍
随笔	https://book.douban.com/subject/1023045/	我们仨
随笔	https://book.douban.com/subject/1361264/	撒哈拉的故事
随笔	https://book.douban.com/subject/20427187/	看见
随笔	https://book.douban.com/subject/3995526/	目送
随笔	https://book.douban.com/subject/4238362/	送你一颗子弹
随笔	https://book.douban.com/subject/1054685/	沉默的大多数
随笔	https://book.douban.com/subject/3369600/	当我谈跑步时我谈些什么
随笔	https://book.douban.com/subject/27174130/	北野武的小酒馆
随笔	https://book.douban.com/subject/1865089/	瓦尔登湖
随笔	https://book.douban.com/subject/26278687/	皮囊
随笔	https://book.douban.com/subject/2070844/	梦里花落知多少
随笔	https://book.douban.com/subject/1088581/	浮生六记
随笔	https://book.douban.com/subject/1449352/	朝花夕拾
随笔	https://book.douban.com/subject/3369793/	亲爱的安德烈
随笔	https://book.douban.com/subject/1209899/	我与地坛
随笔	https://book.douban.com/subject/4207781/	孩子你慢慢来
随笔	https://book.douban.com/subject/1767945/	一只特立独行的猪
随笔	https://book.douban.com/subject/30376420/	一个人生活
随笔	https://book.douban.com/subject/30398273/	世间万物
随笔	https://book.douban.com/subject/26610864/	浮生六记
杂文	https://book.douban.com/subject/1054685/	沉默的大多数
杂文	https://book.douban.com/subject/1449351/	呐喊
杂文	https://book.douban.com/subject/1767945/	一只特立独行的猪
杂文	https://book.douban.com/subject/1449352/	朝花夕拾
杂文	https://book.douban.com/subject/4238362/	送你一颗子弹
杂文	https://book.douban.com/subject/27013716/	沉默的大多数
杂文	https://book.douban.com/subject/27013708/	一只特立独行的猪
杂文	https://book.douban.com/subject/30446684/	六里庄遗事
杂文	https://book.douban.com/subject/1014578/	我的精神家园
杂文	https://book.douban.com/subject/1398395/	狂人日记
杂文	https://book.douban.com/subject/1426971/	野火集
杂文	https://book.douban.com/subject/3344676/	常识
杂文	https://book.douban.com/subject/20425053/	我所理解的生活
杂文	https://book.douban.com/subject/3071717/	爱你就像爱生命
杂文	https://book.douban.com/subject/30314033/	无所畏
杂文	https://book.douban.com/subject/3642673/	我执
杂文	https://book.douban.com/subject/3860856/	可爱的洪水猛兽
杂文	https://book.douban.com/subject/1003284/	退步集
杂文	https://book.douban.com/subject/1776683/	沉默的大多数
杂文	https://book.douban.com/subject/27012154/	我喜欢生命本来的样子
外国文学	https://book.douban.com/subject/1770782/	追风筝的人
外国文学	https://book.douban.com/subject/1084336/	小王子
外国文学	https://book.douban.com/subject/26954760/	月亮与六便士
外国文学	https://book.douban.com/subject/6082808/	百年孤独
外国文学	https://book.douban.com/subject/10594787/	霍乱时期的爱情
外国文学	https://book.douban.com/subject/1016003/	鲁滨逊漂流记
外国文学	https://book.douban.com/subject/1083428/	傲慢与偏见
外国文学	https://book.douban.com/subject/4820710/	1984
外国文学	https://book.douban.com/subject/1064275/	老人与海
外国文学	https://book.douban.com/subject/1141406/	简爱（英文全本）
外国文学	https://book.douban.com/subject/4908885/	局外人
外国文学	https://book.douban.com/subject/1068920/	飘
外国文学	https://book.douban.com/subject/1017143/	不能承受的生命之轻
外国文学	https://book.douban.com/subject/33385476/	人类群星闪耀时
外国文学	https://book.douban.com/subject/25862578/	解忧杂货店
外国文学	https://book.douban.com/subject/1040771/	达·芬奇密码
外国文学	https://book.douban.com/subject/1013380/	茶花女
外国文学	https://book.douban.com/subject/1041007/	哈利·波特与魔法石
外国文学	https://book.douban.com/subject/1008988/	了不起的盖茨比
外国文学	https://book.douban.com/subject/1046265/	挪威的森林
